ID	GENE	GENO
hu0C1563	CYP2C19	*2/*17
hu0C1563	CYP2C9	*1/*1
hu0C1563	CYP3A5	*3/*3
hu0C1563	CYP4F2	*1/*1
hu0C1563	SLCO1B1	*1/*1
hu1213DA	CYP2C19	*1/*1
hu1213DA	CYP2C9	*1/*1
hu1213DA	CYP3A5	*3/*3
hu1213DA	CYP4F2	*1/*1
hu1213DA	SLCO1B1	*1/*1
hu186111	CYP2C19	*1/*17
hu186111	CYP2C9	*1/*2
hu186111	CYP3A5	*1/*3
hu186111	CYP4F2	*1/*3
hu186111	SLCO1B1	*1/*1
hu28391C	CYP2C19	*1/*1
hu28391C	CYP2C9	*1/*1
hu28391C	CYP3A5	*3/*3
hu28391C	CYP4F2	*1/*3
hu28391C	SLCO1B1	*1/*5
hu2A4D22	CYP2C19	*1/*2
hu2A4D22	CYP2C9	*1/*1
hu2A4D22	CYP3A5	*3/*3
hu2A4D22	CYP4F2	*1/*1
hu2A4D22	SLCO1B1	*1/*1
hu4A6650	CYP2C19	*1/*1
hu4A6650	CYP2C9	*1/*1
hu4A6650	CYP3A5	*1/*1
hu4A6650	CYP4F2	*1/*1
hu4A6650	SLCO1B1	*1/*1
hu6ED94A	CYP2C19	*1/*17
hu6ED94A	CYP2C9	*1/*1
hu6ED94A	CYP3A5	*3/*3
hu6ED94A	CYP4F2	*1/*1
hu6ED94A	SLCO1B1	*1/*5
hu79E3C7	CYP2C19	*1/*1
hu79E3C7	CYP2C9	*1/*1
hu79E3C7	CYP3A5	*3/*3
hu79E3C7	CYP4F2	*1/*3
hu79E3C7	SLCO1B1	*1/*1
hu7A2F1D	CYP2C19	*1/*1
hu7A2F1D	CYP2C9	*1/*1
hu7A2F1D	CYP3A5	*3/*3
hu7A2F1D	CYP4F2	*2/*3
hu7A2F1D	SLCO1B1	*1/*1
hu7FC773	CYP2C19	*1/*2
hu7FC773	CYP2C9	*1/*3
hu7FC773	CYP3A5	*3/*3
hu7FC773	CYP4F2	*1/*1
hu7FC773	SLCO1B1	*1/*1
hu8A5FBF	CYP2C19	*1/*17
hu8A5FBF	CYP2C9	*1/*1
hu8A5FBF	CYP3A5	*3/*3
hu8A5FBF	CYP4F2	*1/*3
hu8A5FBF	SLCO1B1	*1/*1
hu9FEC32	CYP2C19	*1/*1
hu9FEC32	CYP2C9	*2/*3
hu9FEC32	CYP3A5	*3/*3
hu9FEC32	CYP4F2	*1/*3
hu9FEC32	SLCO1B1	*1/*5
huA33758	CYP2C19	*1/*2
huA33758	CYP2C9	*1/*1
huA33758	CYP3A5	*3/*3
huA33758	CYP4F2	*1/*1
huA33758	SLCO1B1	*1/*5
huA939D6	CYP2C19	*1/*1
huA939D6	CYP2C9	*1/*1
huA939D6	CYP3A5	*1/*1
huA939D6	CYP4F2	*1/*3
huA939D6	SLCO1B1	*1/*5
huD00199	CYP2C19	*1/*17
huD00199	CYP2C9	*1/*1
huD00199	CYP3A5	*3/*3
huD00199	CYP4F2	*1/*1
huD00199	SLCO1B1	*1/*1
huD37D14	CYP2C19	*1/*1
huD37D14	CYP2C9	*1/*3
huD37D14	CYP3A5	*1/*3
huD37D14	CYP4F2	*1/*1
huD37D14	SLCO1B1	*1/*1
huD57BBF	CYP2C19	*1/*1
huD57BBF	CYP2C9	*1/*27
huD57BBF	CYP3A5	*1/*1
huD57BBF	CYP4F2	*1/*1
huD57BBF	SLCO1B1	*1/*1
huF421B2	CYP2C19	*1/*17
huF421B2	CYP2C9	*1/*1
huF421B2	CYP3A5	*3/*3
huF421B2	CYP4F2	*1/*1
huF421B2	SLCO1B1	*1/*1
huFE71F3	CYP2C19	*1/*1
huFE71F3	CYP2C9	*1/*3
huFE71F3	CYP3A5	*3/*3
huFE71F3	CYP4F2	*3/*3
huFE71F3	SLCO1B1	*5/*5